# index	signed-64-bit-value
0	-4181792142133755926
1	-4576982950128230565
2	1395769623340756751
3	5333664234075297259
4	-6347679516498800754
5	9033628115061424579
6	7143218595135194537
7	4812947590706362721
8	7937252194349799378
9	5307299880338848416
10	8209348851763925077
11	-7107630437535961764
12	4593015457530856296
13	8140875735541888011
14	-5903942795589686782
15	-603556388664454774
16	-7496297993371156308
17	113108499721038619
18	4569519971459345583
19	-4160538177779461077
20	-6835753265595711384
21	-6507240692498089696
22	6559392774825876886
23	7650093201692370310
24	7684323884043752161
25	-8965504200858744418
26	-2629915517445760644
27	271327514973697897
28	-6433985589514657524
29	1065192797246149621
30	3344507881999356393
31	-4763574095074709175
32	7465081662728599889
33	1014950805555097187
34	-4773931307508785033
35	-5742262670416273165
36	2418672789110888383
37	5796562887576294778
38	4484266064449540171
39	3738982361971787048
40	-4699774852342421385
41	10530508058128498
42	-589538253572429690
43	-6598062107225984180
44	8660405965245884302
45	10162832508971942
46	-2682657355892958417
47	7031802312784620857
48	6240911277345944669
49	831864355460801054
50	-1218937899312622917
51	2116287251661052151
52	2202309800992166967
53	9161020366945053561
54	4069299552407763864
55	4936383537992622449
56	457351505131524928
57	-8881176990926596454
58	-6375600354038175299
59	-7155351920868399290
60	4368649989588021065
61	887231587095185257
62	-3659780529968199312
63	-2407146836602825512
64	5616972787034086048
65	-751562733459939242
66	1686575021641186857
67	-5177887698780513806
68	-4979215821652996885
69	-1375154703071198421
70	5632136521049761902
71	-8390088894796940536
72	-193645528485698615
73	-5979788902190688516
74	-4907000935050298721
75	-285522056888777828
76	-2776431630044341707
77	1679342092332374735
78	6050638460742422078
79	-2229851317345194226
80	-1582494184340482199
81	5881353426285907985
82	812786550756860885
83	4541845584483343330
84	-6497901820577766722
85	4980675660146853729
86	-4012602956251539747
87	-329088717864244987
88	-2896929232104691526
89	1495812843684243920
90	-2153620458055647789
91	7370257291860230865
92	-2466442761497833547
93	4706794511633873654
94	-1398851569026877145
95	8549875090542453214
96	-9189721207376179652
97	-7894453601103453165
98	7297902601803624459
99	1011190183918857495
100	-6985347000036920864
101	5147159997473910359
102	-8326859945294252826
103	2659470849286379941
104	6097729358393448602
105	-7491646050550022124
106	-5117116194870963097
107	-896216826133240300
108	-745860416168701406
109	5803876044675762232
110	-787954255994554146
111	-3234519180203704564
112	-4507534739750823898
113	-1657200065590290694
114	505808562678895611
115	-4153273856159712438
116	-8381261370078904295
117	572156825025677802
118	1791881013492340891
119	3393267094866038768
120	-5444650186382539299
121	2352769483186201278
122	-7930912453007408350
123	-325464993179687389
124	-3441562999710612272
125	-6489413242825283295
126	5092019688680754699
127	-227247482082248967
128	4234737173186232084
129	5027558287275472836
130	4635198586344772304
131	-536033143587636457
132	5907508150730407386
133	-8438615781380831356
134	972392927514829904
135	-3801314342046600696
136	-4064951393885491917
137	-174840358296132583
138	2407211146698877100
139	-1640089820333676239
140	3940796514530962282
141	-5882197405809569433
142	3095313889586102949
143	-1818050141166537098
144	5832080132947175283
145	7890064875145919662
146	8184139210799583195
147	-8073512175445549678
148	-7758774793014564506
149	-4581724029666783935
150	3516491885471466898
151	-8267083515063118116
152	6657089965014657519
153	5220884358887979358
154	1796677326474620641
155	5340761970648932916
156	1147977171614181568
157	5066037465548252321
158	2574765911837859848
159	1085848279845204775
160	-5873264506986385449
161	6116438694366558490
162	2107701075971293812
163	-7420077970933506541
164	2469478054175558874
165	-1855128755834809824
166	-5431463669011098282
167	-9038325065738319171
168	-6966276280341336160
169	7217693971077460129
170	-8314322083775271549
171	7196649268545224266
172	-3585711691453906209
173	-5267827091426810625
174	8057528650917418961
175	-5084103596553648165
176	-2601445448341207749
177	-7850010900052094367
178	6527366231383600011
179	3507654575162700890
180	9202058512774729859
181	1954818376891585542
182	-2582991129724600103
183	8299563319178235687
184	-5321504681635821435
185	7046310742295574065
186	-2376176645520785576
187	-7650733936335907755
188	8850422670118399721
189	3631909142291992901
190	5158881091950831288
191	-6340413719511654215
192	4763258931815816403
193	6280052734341785344
194	-4979582628649810958
195	2043464728020827976
196	-2678071570832690343
197	4562580375758598164
198	5495451168795427352
199	-7485059175264624713
200	553004618757816492
201	6895160632757959823
202	-989748114590090637
203	7139506338801360852
204	-672480814466784139
205	5535668688139305547
206	2430933853350256242
207	-3821430778991574732
208	-1063731997747047009
209	-3065878205254005442
210	7632066283658143750
211	6308328381617103346
212	3681878764086140361
213	3289686137190109749
214	6587997200611086848
215	244714774258135476
216	-5143583659437639708
217	8090302575944624335
218	2945117363431356361
219	-8359047641006034763
220	3009039260312620700
221	-793344576772241777
222	401084700045993341
223	-1968749590416080887
224	4707864159563588614
225	-3583123505891281857
226	-3240864324164777915
227	-5908273794572565703
228	-3719524458082857382
229	-5281400669679581926
230	8118566580304798074
231	3839261274019871296
232	7062410411742090847
233	-8481991033874568140
234	6027994129690250817
235	-6725542042704711878
236	-2971981702428546974
237	-7854441788951256975
238	8809096399316380241
239	6492004350391900708
240	2462145737463489636
241	-8818543617934476634
242	-5070345602623085213
243	-8961586321599299868
244	-3758656652254704451
245	-8630661632476012791
246	6764129236657751224
247	-709716318315418359
248	-3403028373052861600
249	-8838073512170985897
250	-3999237033416576341
251	-2920240395515973663
252	-2073249475545404416
253	368107899140673753
254	-6108185202296464250
255	-6307735683270494757
256	4782583894627718279
257	6718292300699989587
258	8387085186914375220
259	3387513132024756289
260	4654329375432538231
261	-292704475491394206
262	-3848998599978456535
263	7623042350483453954
264	7725442901813263321
265	9186225467561587250
266	-5132344747257272453
267	-6865740430362196008
268	2530936820058611833
269	1636551876240043639
270	-3658707362519810009
271	1452244145334316253
272	-7161729655835084979
273	-7943791770359481772
274	9108481583171221009
275	-3200093350120725999
276	5007630032676973346
277	2153168792952589781
278	6720334534964750538
279	-3181825545719981703
280	3433922409283786309
281	2285479922797300912
282	3110614940896576130
283	-2856812446131932915
284	-3804580617188639299
285	7163298419643543757
286	4891138053923696990
287	580618510277907015
288	1684034065251686769
289	4429514767357295841
290	-8893025458299325803
291	-8103734041042601133
292	7177515271653460134
293	4589042248470800257
294	-1530083407795771245
295	143607045258444228
296	246994305896273627
297	-8356954712051676521
298	6473547110565816071
299	3092379936208876896
300	2058427839513754051
301	-4089587328327907870
302	8785882556301281247
303	-3074039370013608197
304	-637529855400303673
305	6137678347805511274
306	-7152924852417805802
307	5708223427705576541
308	-3223714144396531304
309	4358391411789012426
310	325123008708389849
311	6837621693887290924
312	4843721905315627004
313	-3212720814705499393
314	-3825019837890901156
315	4602025990114250980
316	1044646352569048800
317	9106614159853161675
318	-8394115921626182539
319	-4304087667751778808
320	2681532557646850893
321	3681559472488511871
322	-3915372517896561773
323	-2889241648411946534
324	-6564663803938238204
325	-8060058171802589521
326	581945337509520675
327	3648778920718647903
328	-4799698790548231394
329	-7602572252857820065
330	220828013409515943
331	-1072987336855386047
332	4287360518296753003
333	-4633371852008891965
334	5513660857261085186
335	-2258542936462001533
336	-8744380348503999773
337	8746140185685648781
338	228500091334420247
339	1356187007457302238
340	3019253992034194581
341	3152601605678500003
342	-8793219284148773595
343	5559581553696971176
344	4916432985369275664
345	-8559797105120221417
346	-5802598197927043732
347	2868348622579915573
348	-7224052902810357288
349	-5894682518218493085
350	2587672709781371173
351	-7706116723325376475
352	3092343956317362483
353	-5561119517847711700
354	972445599196498113
355	-1558506600978816441
356	1708913533482282562
357	-2305554874185907314
358	-6005743014309462908
359	-6653329009633068701
360	-483583197311151195
361	2488075924621352812
362	-4529369641467339140
363	-4663743555056261452
364	2997203966153298104
365	1282559373026354493
366	240113143146674385
367	8665713329246516443
368	628141331766346752
369	-4651421219668005332
370	-7750560848702540400
371	7596648026010355826
372	-3132152619100351065
373	7834161864828164065
374	7103445518877254909
375	4390861237357459201
376	-4780718172614204074
377	-319889632007444440
378	622261699494173647
379	-3186110786557562560
380	-8718967088789066690
381	-1948156510637662747
382	-8212195255998774408
383	-7028621931231314745
384	2623071828615234808
385	-4066058308780939700
386	-5484966924888173764
387	-6683604512778046238
388	-6756087640505506466
389	5256026990536851868
390	7841086888628396109
391	6640857538655893162
392	-8021284697816458310
393	-7109857044414059830
394	-1689021141511844405
395	-4298087301956291063
396	-4077748265377282003
397	-998231156719803476
398	2719520354384050532
399	9132346697815513771
400	4332154495710163773
401	-2085582442760428892
402	6994721091344268833
403	-2556143461985726874
404	-8567931991128098309
405	59934747298466858
406	-3098398008776739403
407	-265597256199410390
408	2332206071942466437
409	-7522315324568406181
410	3154897383618636503
411	-7585605855467168281
412	-6762850759087199275
413	197309393502684135
414	-8579694182469508493
415	2543179307861934850
416	4350769010207485119
417	-4468719947444108136
418	-7207776534213261296
419	-1224312577878317200
420	4287946071480840813
421	8362686366770308971
422	6486469209321732151
423	-5605644191012979782
424	-1669018511020473564
425	4450022655153542367
426	-7618176296641240059
427	-3896357471549267421
428	-4596796223304447488
429	-6531150016257070659
430	-8982326463137525940
431	-4125325062227681798
432	-1306489741394045544
433	-8338554946557245229
434	5329160409530630596
435	7790979528857726136
436	4955070238059373407
437	-4304834761432101506
438	-6215295852904371179
439	3007769226071157901
440	-6753025801236972788
441	8928702772696731736
442	7856187920214445904
443	-4748497451462800923
444	7900176660600710914
445	-7082800908938549136
446	-6797926979589575837
447	-6737316883512927978
448	4186670094382025798
449	1883939007446035042
450	-414705992779907823
451	3734134241178479257
452	4065968871360089196
453	6953124200385847784
454	-7917685222115876751
455	-7585632937840318161
456	-5567246375906782599
457	-5256612402221608788
458	3106378204088556331
459	-2894472214076325998
460	4565385105440252958
461	1979884289539493806
462	-6891578849933910383
463	3783206694208922581
464	8464961209802336085
465	2843963751609577687
466	3030678195484896323
467	-4429654462759003204
468	4459239494808162889
469	402587895800087237
470	8057891408711167515
471	4541888170938985079
472	1042662272908816815
473	-3666068979732206850
474	2647678726283249984
475	2144477441549833761
476	-3417019821499388721
477	-2105601033380872185
478	5916597177708541638
479	-8760774321402454447
480	8833658097025758785
481	5970273481425315300
482	563813119381731307
483	-6455022486202078793
484	1598828206250873866
485	-4016978389451217698
486	-2988328551145513985
487	-6071154634840136312
488	8469693267274066490
489	125672920241807416
490	-3912292412830714870
491	-2559617104544284221
492	-486523741806024092
493	-4735332261862713930
494	5923302823487327109
495	-9082480245771672572
496	-1808429243461201518
497	7990420780896957397
498	4317817392807076702
499	3625184369705367340
500	-6482649271566653105
501	-3480272027152017464
502	-3225473396345736649
503	-368878695502291645
504	-3981164001421868007
505	-8522033136963788610
506	7609280429197514109
507	3020985755112334161
508	-2572049329799262942
509	2635195723621160615
510	5144520864246028816
511	-8188285521126945980
512	1567242097116389047
513	8172389260191636581
514	-2885551685425483535
515	-7060359469858316883
516	-6480181133964513127
517	-7317004403633452381
518	6011544915663598137
519	5932255307352610768
520	2241128460406315459
521	-8327867140638080220
522	3094483003111372717
523	4583857460292963101
524	9079887171656594975
525	-384082854924064405
526	-3460631649611717935
527	4225072055348026230
528	-7385151438465742745
529	3801620336801580414
530	-399845416774701952
531	-7446754431269675473
532	7899055018877642622
533	5421679761463003041
534	5521102963086275121
535	-4975092593295409910
536	8735487530905098534
537	-7462844945281082830
538	-2080886987197029914
539	-1000715163927557685
540	-4253840471931071485
541	-5828896094657903328
542	6424174453260338141
543	359248545074932887
544	-5949720754023045210
545	-2426265837057637212
546	3030918217665093212
547	-9077771202237461772
548	-3186796180789149575
549	740416251634527158
550	-2142944401404840226
551	6951781370868335478
552	399922722363687927
553	-8928469722407522623
554	-1378421100515597285
555	-8343051178220066766
556	-3030716356046100229
557	-8811767350470065420
558	9026808440365124461
559	6440783557497587732
560	4615674634722404292
561	539897290441580544
562	2096238225866883852
563	8751955639408182687
564	-7316147128802486205
565	7381039757301768559
566	6157238513393239656
567	-1473377804940618233
568	8629571604380892756
569	5280433031239081479
570	7101611890139813254
571	2479018537985767835
572	7169176924412769570
573	-1281305539061572506
574	-7865612307799218120
575	2278447439451174845
576	3625338785743880657
577	6477479539006708521
578	8976185375579272206
579	-3712000482142939688
580	1326024180520890843
581	7537449876596048829
582	5464680203499696154
583	3189671183162196045
584	6346751753565857109
585	-8982212049534145501
586	-6127578587196093755
587	-245039190118465649
588	-6320577374581628592
589	7208698530190629697
590	7276901792339343736
591	-7490986807540332668
592	4133292154170828382
593	2918308698224194548
594	-7703910638917631350
595	-3929437324238184044
596	-4300543082831323144
597	-6344160503358350167
598	5896236396443472108
599	-758328221503023383
600	-1894351639983151068
601	-307900319840287220
602	-6278469401177312761
603	-2171292963361310674
604	8382142935188824023
605	9103922860780351547
606	4152330101494654406
